source	web_link
nidānuddeso	https://devamitta.github.io/patimokkha_dict/Bhikkhu_Patimokkha/nidānuddeso/nidānuddeso.html
pārājikuddeso	https://devamitta.github.io/patimokkha_dict/Bhikkhu_Patimokkha/pārājikuddeso/pārājikuddeso.html
methunadhamma sikkhāpadaṃ	https://devamitta.github.io/patimokkha_dict/Bhikkhu_Patimokkha/methunadhamma sikkhāpadaṃ/methunadhamma sikkhāpadaṃ.html
adinnādānasikkhāpadaṃ	https://devamitta.github.io/patimokkha_dict/Bhikkhu_Patimokkha/adinnādānasikkhāpadaṃ/adinnādānasikkhāpadaṃ.html
manussaviggahasikkhāpadaṃ	https://devamitta.github.io/patimokkha_dict/Bhikkhu_Patimokkha/manussaviggahasikkhāpadaṃ/manussaviggahasikkhāpadaṃ.html
uttarimanussadhammasikkhāpadaṃ	https://devamitta.github.io/patimokkha_dict/Bhikkhu_Patimokkha/uttarimanussadhammasikkhāpadaṃ/uttarimanussadhammasikkhāpadaṃ.html
saṅghādisesuddeso	https://devamitta.github.io/patimokkha_dict/Bhikkhu_Patimokkha/saṅghādisesuddeso/saṅghādisesuddeso.html
sukkavissaṭṭhisikkhāpadaṃ	https://devamitta.github.io/patimokkha_dict/Bhikkhu_Patimokkha/sukkavissaṭṭhisikkhāpadaṃ/sukkavissaṭṭhisikkhāpadaṃ.html
kāyasaṃsaggasikkhāpadaṃ	https://devamitta.github.io/patimokkha_dict/Bhikkhu_Patimokkha/kāyasaṃsaggasikkhāpadaṃ/kāyasaṃsaggasikkhāpadaṃ.html
duṭṭhullavācāsikkhāpadaṃ	https://devamitta.github.io/patimokkha_dict/Bhikkhu_Patimokkha/duṭṭhullavācāsikkhāpadaṃ/duṭṭhullavācāsikkhāpadaṃ.html
attakāmapāricariyasikkhāpadaṃ	https://devamitta.github.io/patimokkha_dict/Bhikkhu_Patimokkha/attakāmapāricariyasikkhāpadaṃ/attakāmapāricariyasikkhāpadaṃ.html
sañcarittasikkhāpadaṃ	https://devamitta.github.io/patimokkha_dict/Bhikkhu_Patimokkha/sañcarittasikkhāpadaṃ/sañcarittasikkhāpadaṃ.html
kuṭikārasikkhāpadaṃ	https://devamitta.github.io/patimokkha_dict/Bhikkhu_Patimokkha/kuṭikārasikkhāpadaṃ/kuṭikārasikkhāpadaṃ.html
vihārakārasikkhāpadaṃ	https://devamitta.github.io/patimokkha_dict/Bhikkhu_Patimokkha/vihārakārasikkhāpadaṃ/vihārakārasikkhāpadaṃ.html
duṭṭhadosasikkhāpadaṃ	https://devamitta.github.io/patimokkha_dict/Bhikkhu_Patimokkha/duṭṭhadosasikkhāpadaṃ/duṭṭhadosasikkhāpadaṃ.html
aññabhāgiyasikkhāpadaṃ	https://devamitta.github.io/patimokkha_dict/Bhikkhu_Patimokkha/aññabhāgiyasikkhāpadaṃ/aññabhāgiyasikkhāpadaṃ.html
saṅghabhedasikkhāpadaṃ	https://devamitta.github.io/patimokkha_dict/Bhikkhu_Patimokkha/saṅghabhedasikkhāpadaṃ/saṅghabhedasikkhāpadaṃ.html
bhedānuvattakasikkhāpadaṃ	https://devamitta.github.io/patimokkha_dict/Bhikkhu_Patimokkha/bhedānuvattakasikkhāpadaṃ/bhedānuvattakasikkhāpadaṃ.html
dubbacasikkhāpadaṃ	https://devamitta.github.io/patimokkha_dict/Bhikkhu_Patimokkha/dubbacasikkhāpadaṃ/dubbacasikkhāpadaṃ.html
kuladūsakasikkhāpadaṃ	https://devamitta.github.io/patimokkha_dict/Bhikkhu_Patimokkha/kuladūsakasikkhāpadaṃ/kuladūsakasikkhāpadaṃ.html
saṅghādisesuddeso	https://devamitta.github.io/patimokkha_dict/Bhikkhu_Patimokkha/saṅghādisesuddeso/saṅghādisesuddeso.html
aniyatuddeso	https://devamitta.github.io/patimokkha_dict/Bhikkhu_Patimokkha/aniyatuddeso/aniyatuddeso.html
paṭhamaaniyatasikkhāpadaṃ	https://devamitta.github.io/patimokkha_dict/Bhikkhu_Patimokkha/paṭhamaaniyatasikkhāpadaṃ/paṭhamaaniyatasikkhāpadaṃ.html
dutiyāniyatasikkhāpada	https://devamitta.github.io/patimokkha_dict/Bhikkhu_Patimokkha/dutiyāniyatasikkhāpada/dutiyāniyatasikkhāpada.html
nissaggiyapācittiyā	https://devamitta.github.io/patimokkha_dict/Bhikkhu_Patimokkha/nissaggiyapācittiyā/nissaggiyapācittiyā.html
kathinasikkhāpadaṃ	https://devamitta.github.io/patimokkha_dict/Bhikkhu_Patimokkha/kathinasikkhāpadaṃ/kathinasikkhāpadaṃ.html
udositasikkhāpadaṃ	https://devamitta.github.io/patimokkha_dict/Bhikkhu_Patimokkha/udositasikkhāpadaṃ/udositasikkhāpadaṃ.html
akālacīvarasikkhāpadaṃ	https://devamitta.github.io/patimokkha_dict/Bhikkhu_Patimokkha/akālacīvarasikkhāpadaṃ/akālacīvarasikkhāpadaṃ.html
purāṇacīvarasikkhāpadaṃ	https://devamitta.github.io/patimokkha_dict/Bhikkhu_Patimokkha/purāṇacīvarasikkhāpadaṃ/purāṇacīvarasikkhāpadaṃ.html
cīvarapaṭiggahaṇasikkhāpadaṃ	https://devamitta.github.io/patimokkha_dict/Bhikkhu_Patimokkha/cīvarapaṭiggahaṇasikkhāpadaṃ/cīvarapaṭiggahaṇasikkhāpadaṃ.html
aññātakaviññattisikkhāpadaṃ	https://devamitta.github.io/patimokkha_dict/Bhikkhu_Patimokkha/aññātakaviññattisikkhāpadaṃ/aññātakaviññattisikkhāpadaṃ.html
tatuttarisikkhāpadaṃ	https://devamitta.github.io/patimokkha_dict/Bhikkhu_Patimokkha/tatuttarisikkhāpadaṃ/tatuttarisikkhāpadaṃ.html
paṭhamaupakkhaṭasikkhāpadaṃ	https://devamitta.github.io/patimokkha_dict/Bhikkhu_Patimokkha/paṭhamaupakkhaṭasikkhāpadaṃ/paṭhamaupakkhaṭasikkhāpadaṃ.html
dutiyaupakkhaṭasikkhāpadaṃ	https://devamitta.github.io/patimokkha_dict/Bhikkhu_Patimokkha/dutiyaupakkhaṭasikkhāpadaṃ/dutiyaupakkhaṭasikkhāpadaṃ.html
rājasikkhāpadaṃ	https://devamitta.github.io/patimokkha_dict/Bhikkhu_Patimokkha/rājasikkhāpadaṃ/rājasikkhāpadaṃ.html
kosiyasikkhāpadaṃ	https://devamitta.github.io/patimokkha_dict/Bhikkhu_Patimokkha/kosiyasikkhāpadaṃ/kosiyasikkhāpadaṃ.html
suddhakāḷakasikkhāpadaṃ	https://devamitta.github.io/patimokkha_dict/Bhikkhu_Patimokkha/suddhakāḷakasikkhāpadaṃ/suddhakāḷakasikkhāpadaṃ.html
dvebhāgasikkhāpadaṃ	https://devamitta.github.io/patimokkha_dict/Bhikkhu_Patimokkha/dvebhāgasikkhāpadaṃ/dvebhāgasikkhāpadaṃ.html
chabbassasikkhāpadaṃ	https://devamitta.github.io/patimokkha_dict/Bhikkhu_Patimokkha/chabbassasikkhāpadaṃ/chabbassasikkhāpadaṃ.html
nisīdanasanthatasikkhāpadaṃ	https://devamitta.github.io/patimokkha_dict/Bhikkhu_Patimokkha/nisīdanasanthatasikkhāpadaṃ/nisīdanasanthatasikkhāpadaṃ.html
eḷakalomasikkhāpadaṃ	https://devamitta.github.io/patimokkha_dict/Bhikkhu_Patimokkha/eḷakalomasikkhāpadaṃ/eḷakalomasikkhāpadaṃ.html
eḷakalomadhovāpanasikkhāpadaṃ	https://devamitta.github.io/patimokkha_dict/Bhikkhu_Patimokkha/eḷakalomadhovāpanasikkhāpadaṃ/eḷakalomadhovāpanasikkhāpadaṃ.html
rūpiyasikkhāpadaṃ	https://devamitta.github.io/patimokkha_dict/Bhikkhu_Patimokkha/rūpiyasikkhāpadaṃ/rūpiyasikkhāpadaṃ.html
rūpiyasaṃvohārasikkhāpadaṃ	https://devamitta.github.io/patimokkha_dict/Bhikkhu_Patimokkha/rūpiyasaṃvohārasikkhāpadaṃ/rūpiyasaṃvohārasikkhāpadaṃ.html
kayavikkayasikkhāpadaṃ	https://devamitta.github.io/patimokkha_dict/Bhikkhu_Patimokkha/kayavikkayasikkhāpadaṃ/kayavikkayasikkhāpadaṃ.html
pattasikkhāpadaṃ	https://devamitta.github.io/patimokkha_dict/Bhikkhu_Patimokkha/pattasikkhāpadaṃ/pattasikkhāpadaṃ.html
ūnapañcabandhanasikkhāpadaṃ	https://devamitta.github.io/patimokkha_dict/Bhikkhu_Patimokkha/ūnapañcabandhanasikkhāpadaṃ/ūnapañcabandhanasikkhāpadaṃ.html
bhesajjasikkhāpadaṃ	https://devamitta.github.io/patimokkha_dict/Bhikkhu_Patimokkha/bhesajjasikkhāpadaṃ/bhesajjasikkhāpadaṃ.html
vassikasāṭikasikkhāpadaṃ	https://devamitta.github.io/patimokkha_dict/Bhikkhu_Patimokkha/vassikasāṭikasikkhāpadaṃ/vassikasāṭikasikkhāpadaṃ.html
cīvaraacchindanasikkhāpadaṃ	https://devamitta.github.io/patimokkha_dict/Bhikkhu_Patimokkha/cīvaraacchindanasikkhāpadaṃ/cīvaraacchindanasikkhāpadaṃ.html
suttaviññattisikkhāpadaṃ	https://devamitta.github.io/patimokkha_dict/Bhikkhu_Patimokkha/suttaviññattisikkhāpadaṃ/suttaviññattisikkhāpadaṃ.html
mahāpesakārasikkhāpadaṃ	https://devamitta.github.io/patimokkha_dict/Bhikkhu_Patimokkha/mahāpesakārasikkhāpadaṃ/mahāpesakārasikkhāpadaṃ.html
accekacīvarasikkhāpadaṃ	https://devamitta.github.io/patimokkha_dict/Bhikkhu_Patimokkha/accekacīvarasikkhāpadaṃ/accekacīvarasikkhāpadaṃ.html
sāsaṅkasikkhāpadaṃ	https://devamitta.github.io/patimokkha_dict/Bhikkhu_Patimokkha/sāsaṅkasikkhāpadaṃ/sāsaṅkasikkhāpadaṃ.html
pariṇatasikkhāpadaṃ	https://devamitta.github.io/patimokkha_dict/Bhikkhu_Patimokkha/pariṇatasikkhāpadaṃ/pariṇatasikkhāpadaṃ.html
pācittiyā	https://devamitta.github.io/patimokkha_dict/Bhikkhu_Patimokkha/pācittiyā/pācittiyā.html
musāvādasikkhāpadaṃ	https://devamitta.github.io/patimokkha_dict/Bhikkhu_Patimokkha/musāvādasikkhāpadaṃ/musāvādasikkhāpadaṃ.html
omasavādasikkhāpadaṃ	https://devamitta.github.io/patimokkha_dict/Bhikkhu_Patimokkha/omasavādasikkhāpadaṃ/omasavādasikkhāpadaṃ.html
pesuññasikkhāpadaṃ	https://devamitta.github.io/patimokkha_dict/Bhikkhu_Patimokkha/pesuññasikkhāpadaṃ/pesuññasikkhāpadaṃ.html
padasodhammasikkhāpadaṃ	https://devamitta.github.io/patimokkha_dict/Bhikkhu_Patimokkha/padasodhammasikkhāpadaṃ/padasodhammasikkhāpadaṃ.html
paṭhamasahaseyyasikkhāpadaṃ	https://devamitta.github.io/patimokkha_dict/Bhikkhu_Patimokkha/paṭhamasahaseyyasikkhāpadaṃ/paṭhamasahaseyyasikkhāpadaṃ.html
dutiyasahaseyyasikkhāpada	https://devamitta.github.io/patimokkha_dict/Bhikkhu_Patimokkha/dutiyasahaseyyasikkhāpada/dutiyasahaseyyasikkhāpada.html
dhammadesanāsikkhāpadaṃ	https://devamitta.github.io/patimokkha_dict/Bhikkhu_Patimokkha/dhammadesanāsikkhāpadaṃ/dhammadesanāsikkhāpadaṃ.html
bhūtārocanasikkhāpadaṃ	https://devamitta.github.io/patimokkha_dict/Bhikkhu_Patimokkha/bhūtārocanasikkhāpadaṃ/bhūtārocanasikkhāpadaṃ.html
duṭṭhullārocanasikkhāpadaṃ	https://devamitta.github.io/patimokkha_dict/Bhikkhu_Patimokkha/duṭṭhullārocanasikkhāpadaṃ/duṭṭhullārocanasikkhāpadaṃ.html
pathavīkhaṇanasikkhāpadaṃ	https://devamitta.github.io/patimokkha_dict/Bhikkhu_Patimokkha/pathavīkhaṇanasikkhāpadaṃ/pathavīkhaṇanasikkhāpadaṃ.html
bhūtagāmasikkhāpadaṃ	https://devamitta.github.io/patimokkha_dict/Bhikkhu_Patimokkha/bhūtagāmasikkhāpadaṃ/bhūtagāmasikkhāpadaṃ.html
aññavādakasikkhāpadaṃ	https://devamitta.github.io/patimokkha_dict/Bhikkhu_Patimokkha/aññavādakasikkhāpadaṃ/aññavādakasikkhāpadaṃ.html
ujjhāpanakasikkhāpadaṃ	https://devamitta.github.io/patimokkha_dict/Bhikkhu_Patimokkha/ujjhāpanakasikkhāpadaṃ/ujjhāpanakasikkhāpadaṃ.html
paṭhamasenāsanasikkhāpadaṃ	https://devamitta.github.io/patimokkha_dict/Bhikkhu_Patimokkha/paṭhamasenāsanasikkhāpadaṃ/paṭhamasenāsanasikkhāpadaṃ.html
dutiyasenāsanasikkhāpadaṃ	https://devamitta.github.io/patimokkha_dict/Bhikkhu_Patimokkha/dutiyasenāsanasikkhāpadaṃ/dutiyasenāsanasikkhāpadaṃ.html
anupakhajjasikkhāpadaṃ	https://devamitta.github.io/patimokkha_dict/Bhikkhu_Patimokkha/anupakhajjasikkhāpadaṃ/anupakhajjasikkhāpadaṃ.html
nikkaḍḍhanasikkhāpadaṃ	https://devamitta.github.io/patimokkha_dict/Bhikkhu_Patimokkha/nikkaḍḍhanasikkhāpadaṃ/nikkaḍḍhanasikkhāpadaṃ.html
vehāsakuṭisikkhāpadaṃ	https://devamitta.github.io/patimokkha_dict/Bhikkhu_Patimokkha/vehāsakuṭisikkhāpadaṃ/vehāsakuṭisikkhāpadaṃ.html
mahallakavihārasikkhāpadaṃ	https://devamitta.github.io/patimokkha_dict/Bhikkhu_Patimokkha/mahallakavihārasikkhāpadaṃ/mahallakavihārasikkhāpadaṃ.html
sappāṇakasikkhāpadaṃ	https://devamitta.github.io/patimokkha_dict/Bhikkhu_Patimokkha/sappāṇakasikkhāpadaṃ/sappāṇakasikkhāpadaṃ.html
ovādasikkhāpadaṃ	https://devamitta.github.io/patimokkha_dict/Bhikkhu_Patimokkha/ovādasikkhāpadaṃ/ovādasikkhāpadaṃ.html
atthaṅgatasikkhāpadaṃ	https://devamitta.github.io/patimokkha_dict/Bhikkhu_Patimokkha/atthaṅgatasikkhāpadaṃ/atthaṅgatasikkhāpadaṃ.html
bhikkhunupassayasikkhāpadaṃ	https://devamitta.github.io/patimokkha_dict/Bhikkhu_Patimokkha/bhikkhunupassayasikkhāpadaṃ/bhikkhunupassayasikkhāpadaṃ.html
āmisasikkhāpadaṃ	https://devamitta.github.io/patimokkha_dict/Bhikkhu_Patimokkha/āmisasikkhāpadaṃ/āmisasikkhāpadaṃ.html
cīvaradānasikkhāpadaṃ	https://devamitta.github.io/patimokkha_dict/Bhikkhu_Patimokkha/cīvaradānasikkhāpadaṃ/cīvaradānasikkhāpadaṃ.html
cīvarasibbanasikkhāpadaṃ	https://devamitta.github.io/patimokkha_dict/Bhikkhu_Patimokkha/cīvarasibbanasikkhāpadaṃ/cīvarasibbanasikkhāpadaṃ.html
saṃvidhānasikkhāpadaṃ	https://devamitta.github.io/patimokkha_dict/Bhikkhu_Patimokkha/saṃvidhānasikkhāpadaṃ/saṃvidhānasikkhāpadaṃ.html
nāvābhiruhanasikkhāpadaṃ	https://devamitta.github.io/patimokkha_dict/Bhikkhu_Patimokkha/nāvābhiruhanasikkhāpadaṃ/nāvābhiruhanasikkhāpadaṃ.html
paripācitasikkhāpadaṃ	https://devamitta.github.io/patimokkha_dict/Bhikkhu_Patimokkha/paripācitasikkhāpadaṃ/paripācitasikkhāpadaṃ.html
rahonisajjasikkhāpadaṃ	https://devamitta.github.io/patimokkha_dict/Bhikkhu_Patimokkha/rahonisajjasikkhāpadaṃ/rahonisajjasikkhāpadaṃ.html
āvasathapiṇḍasikkhāpadaṃ	https://devamitta.github.io/patimokkha_dict/Bhikkhu_Patimokkha/āvasathapiṇḍasikkhāpadaṃ/āvasathapiṇḍasikkhāpadaṃ.html
gaṇabhojanasikkhāpadaṃ	https://devamitta.github.io/patimokkha_dict/Bhikkhu_Patimokkha/gaṇabhojanasikkhāpadaṃ/gaṇabhojanasikkhāpadaṃ.html
paramparabhojanasikkhāpadaṃ	https://devamitta.github.io/patimokkha_dict/Bhikkhu_Patimokkha/paramparabhojanasikkhāpadaṃ/paramparabhojanasikkhāpadaṃ.html
kāṇamātusikkhāpadaṃ	https://devamitta.github.io/patimokkha_dict/Bhikkhu_Patimokkha/kāṇamātusikkhāpadaṃ/kāṇamātusikkhāpadaṃ.html
paṭhamapavāraṇāsikkhāpadaṃ	https://devamitta.github.io/patimokkha_dict/Bhikkhu_Patimokkha/paṭhamapavāraṇāsikkhāpadaṃ/paṭhamapavāraṇāsikkhāpadaṃ.html
dutiyapavāraṇāsikkhāpadaṃ	https://devamitta.github.io/patimokkha_dict/Bhikkhu_Patimokkha/dutiyapavāraṇāsikkhāpadaṃ/dutiyapavāraṇāsikkhāpadaṃ.html
vikālabhojanasikkhāpadaṃ	https://devamitta.github.io/patimokkha_dict/Bhikkhu_Patimokkha/vikālabhojanasikkhāpadaṃ/vikālabhojanasikkhāpadaṃ.html
sannidhikārakasikkhāpadaṃ	https://devamitta.github.io/patimokkha_dict/Bhikkhu_Patimokkha/sannidhikārakasikkhāpadaṃ/sannidhikārakasikkhāpadaṃ.html
paṇītabhojanasikkhāpadaṃ	https://devamitta.github.io/patimokkha_dict/Bhikkhu_Patimokkha/paṇītabhojanasikkhāpadaṃ/paṇītabhojanasikkhāpadaṃ.html
dantaponasikkhāpadaṃ	https://devamitta.github.io/patimokkha_dict/Bhikkhu_Patimokkha/dantaponasikkhāpadaṃ/dantaponasikkhāpadaṃ.html
acelakasikkhāpadaṃ	https://devamitta.github.io/patimokkha_dict/Bhikkhu_Patimokkha/acelakasikkhāpadaṃ/acelakasikkhāpadaṃ.html
uyyojanasikkhāpadaṃ	https://devamitta.github.io/patimokkha_dict/Bhikkhu_Patimokkha/uyyojanasikkhāpadaṃ/uyyojanasikkhāpadaṃ.html
sabhojanasikkhāpadaṃ	https://devamitta.github.io/patimokkha_dict/Bhikkhu_Patimokkha/sabhojanasikkhāpadaṃ/sabhojanasikkhāpadaṃ.html
rahopaṭicchannasikkhāpadaṃ	https://devamitta.github.io/patimokkha_dict/Bhikkhu_Patimokkha/rahopaṭicchannasikkhāpadaṃ/rahopaṭicchannasikkhāpadaṃ.html
rahonisajjasikkhāpadaṃ 2	https://devamitta.github.io/patimokkha_dict/Bhikkhu_Patimokkha/rahonisajjasikkhāpadaṃ 2/rahonisajjasikkhāpadaṃ 2.html
cārittasikkhāpadaṃ	https://devamitta.github.io/patimokkha_dict/Bhikkhu_Patimokkha/cārittasikkhāpadaṃ/cārittasikkhāpadaṃ.html
mahānāmasikkhāpadaṃ	https://devamitta.github.io/patimokkha_dict/Bhikkhu_Patimokkha/mahānāmasikkhāpadaṃ/mahānāmasikkhāpadaṃ.html
uyyuttasenāsikkhāpadaṃ	https://devamitta.github.io/patimokkha_dict/Bhikkhu_Patimokkha/uyyuttasenāsikkhāpadaṃ/uyyuttasenāsikkhāpadaṃ.html
senāvāsasikkhāpadaṃ	https://devamitta.github.io/patimokkha_dict/Bhikkhu_Patimokkha/senāvāsasikkhāpadaṃ/senāvāsasikkhāpadaṃ.html
uyyodhikasikkhāpadaṃ	https://devamitta.github.io/patimokkha_dict/Bhikkhu_Patimokkha/uyyodhikasikkhāpadaṃ/uyyodhikasikkhāpadaṃ.html
surāpānasikkhāpadaṃ	https://devamitta.github.io/patimokkha_dict/Bhikkhu_Patimokkha/surāpānasikkhāpadaṃ/surāpānasikkhāpadaṃ.html
aṅgulipatodakasikkhāpadaṃ	https://devamitta.github.io/patimokkha_dict/Bhikkhu_Patimokkha/aṅgulipatodakasikkhāpadaṃ/aṅgulipatodakasikkhāpadaṃ.html
hasadhammasikkhāpadaṃ	https://devamitta.github.io/patimokkha_dict/Bhikkhu_Patimokkha/hasadhammasikkhāpadaṃ/hasadhammasikkhāpadaṃ.html
anādariyasikkhāpadaṃ	https://devamitta.github.io/patimokkha_dict/Bhikkhu_Patimokkha/anādariyasikkhāpadaṃ/anādariyasikkhāpadaṃ.html
bhiṃsāpanasikkhāpadaṃ	https://devamitta.github.io/patimokkha_dict/Bhikkhu_Patimokkha/bhiṃsāpanasikkhāpadaṃ/bhiṃsāpanasikkhāpadaṃ.html
jotisikkhāpadaṃ	https://devamitta.github.io/patimokkha_dict/Bhikkhu_Patimokkha/jotisikkhāpadaṃ/jotisikkhāpadaṃ.html
nahānasikkhāpadaṃ	https://devamitta.github.io/patimokkha_dict/Bhikkhu_Patimokkha/nahānasikkhāpadaṃ/nahānasikkhāpadaṃ.html
dubbaṇṇakaraṇasikkhāpadaṃ	https://devamitta.github.io/patimokkha_dict/Bhikkhu_Patimokkha/dubbaṇṇakaraṇasikkhāpadaṃ/dubbaṇṇakaraṇasikkhāpadaṃ.html
vikappanasikkhāpadaṃ	https://devamitta.github.io/patimokkha_dict/Bhikkhu_Patimokkha/vikappanasikkhāpadaṃ/vikappanasikkhāpadaṃ.html
apanidhānasikkhāpadaṃ	https://devamitta.github.io/patimokkha_dict/Bhikkhu_Patimokkha/apanidhānasikkhāpadaṃ/apanidhānasikkhāpadaṃ.html
sañciccasikkhāpadaṃ	https://devamitta.github.io/patimokkha_dict/Bhikkhu_Patimokkha/sañciccasikkhāpadaṃ/sañciccasikkhāpadaṃ.html
sappāṇakasikkhāpadaṃ 2	https://devamitta.github.io/patimokkha_dict/Bhikkhu_Patimokkha/sappāṇakasikkhāpadaṃ 2/sappāṇakasikkhāpadaṃ 2.html
ukkoṭanasikkhāpadaṃ	https://devamitta.github.io/patimokkha_dict/Bhikkhu_Patimokkha/ukkoṭanasikkhāpadaṃ/ukkoṭanasikkhāpadaṃ.html
duṭṭhullasikkhāpadaṃ	https://devamitta.github.io/patimokkha_dict/Bhikkhu_Patimokkha/duṭṭhullasikkhāpadaṃ/duṭṭhullasikkhāpadaṃ.html
ūnavīsativassasikkhāpadaṃ	https://devamitta.github.io/patimokkha_dict/Bhikkhu_Patimokkha/ūnavīsativassasikkhāpadaṃ/ūnavīsativassasikkhāpadaṃ.html
theyyasatthasikkhāpadaṃ	https://devamitta.github.io/patimokkha_dict/Bhikkhu_Patimokkha/theyyasatthasikkhāpadaṃ/theyyasatthasikkhāpadaṃ.html
saṃvidhānasikkhāpadaṃ 2	https://devamitta.github.io/patimokkha_dict/Bhikkhu_Patimokkha/saṃvidhānasikkhāpadaṃ 2/saṃvidhānasikkhāpadaṃ 2.html
ariṭṭhasikkhāpadaṃ	https://devamitta.github.io/patimokkha_dict/Bhikkhu_Patimokkha/ariṭṭhasikkhāpadaṃ/ariṭṭhasikkhāpadaṃ.html
ukkhittasambhogasikkhāpadaṃ	https://devamitta.github.io/patimokkha_dict/Bhikkhu_Patimokkha/ukkhittasambhogasikkhāpadaṃ/ukkhittasambhogasikkhāpadaṃ.html
kaṇṭakasikkhāpadaṃ	https://devamitta.github.io/patimokkha_dict/Bhikkhu_Patimokkha/kaṇṭakasikkhāpadaṃ/kaṇṭakasikkhāpadaṃ.html
sahadhammikasikkhāpadaṃ	https://devamitta.github.io/patimokkha_dict/Bhikkhu_Patimokkha/sahadhammikasikkhāpadaṃ/sahadhammikasikkhāpadaṃ.html
vilekhanasikkhāpadaṃ	https://devamitta.github.io/patimokkha_dict/Bhikkhu_Patimokkha/vilekhanasikkhāpadaṃ/vilekhanasikkhāpadaṃ.html
mohanasikkhāpadaṃ	https://devamitta.github.io/patimokkha_dict/Bhikkhu_Patimokkha/mohanasikkhāpadaṃ/mohanasikkhāpadaṃ.html
pahārasikkhāpadaṃ	https://devamitta.github.io/patimokkha_dict/Bhikkhu_Patimokkha/pahārasikkhāpadaṃ/pahārasikkhāpadaṃ.html
talasattikasikkhāpadaṃ	https://devamitta.github.io/patimokkha_dict/Bhikkhu_Patimokkha/talasattikasikkhāpadaṃ/talasattikasikkhāpadaṃ.html
amūlakasikkhāpadaṃ	https://devamitta.github.io/patimokkha_dict/Bhikkhu_Patimokkha/amūlakasikkhāpadaṃ/amūlakasikkhāpadaṃ.html
sañciccasikkhāpadaṃ 2	https://devamitta.github.io/patimokkha_dict/Bhikkhu_Patimokkha/sañciccasikkhāpadaṃ 2/sañciccasikkhāpadaṃ 2.html
upassutisikkhāpadaṃ	https://devamitta.github.io/patimokkha_dict/Bhikkhu_Patimokkha/upassutisikkhāpadaṃ/upassutisikkhāpadaṃ.html
kammappaṭibāhanasikkhāpadaṃ	https://devamitta.github.io/patimokkha_dict/Bhikkhu_Patimokkha/kammappaṭibāhanasikkhāpadaṃ/kammappaṭibāhanasikkhāpadaṃ.html
chandaṃadatvāgamanasikkhāpadaṃ	https://devamitta.github.io/patimokkha_dict/Bhikkhu_Patimokkha/chandaṃadatvāgamanasikkhāpadaṃ/chandaṃadatvāgamanasikkhāpadaṃ.html
dubbalasikkhāpadaṃ	https://devamitta.github.io/patimokkha_dict/Bhikkhu_Patimokkha/dubbalasikkhāpadaṃ/dubbalasikkhāpadaṃ.html
pariṇāmanasikkhāpadaṃ	https://devamitta.github.io/patimokkha_dict/Bhikkhu_Patimokkha/pariṇāmanasikkhāpadaṃ/pariṇāmanasikkhāpadaṃ.html
antepurasikkhāpadaṃ	https://devamitta.github.io/patimokkha_dict/Bhikkhu_Patimokkha/antepurasikkhāpadaṃ/antepurasikkhāpadaṃ.html
ratanasikkhāpadaṃ	https://devamitta.github.io/patimokkha_dict/Bhikkhu_Patimokkha/ratanasikkhāpadaṃ/ratanasikkhāpadaṃ.html
vikālagāmappavesanasikkhāpadaṃ	https://devamitta.github.io/patimokkha_dict/Bhikkhu_Patimokkha/vikālagāmappavesanasikkhāpadaṃ/vikālagāmappavesanasikkhāpadaṃ.html
sūcigharasikkhāpadaṃ	https://devamitta.github.io/patimokkha_dict/Bhikkhu_Patimokkha/sūcigharasikkhāpadaṃ/sūcigharasikkhāpadaṃ.html
mañcapīṭhasikkhāpadaṃ	https://devamitta.github.io/patimokkha_dict/Bhikkhu_Patimokkha/mañcapīṭhasikkhāpadaṃ/mañcapīṭhasikkhāpadaṃ.html
tūlonaddhasikkhāpadaṃ	https://devamitta.github.io/patimokkha_dict/Bhikkhu_Patimokkha/tūlonaddhasikkhāpadaṃ/tūlonaddhasikkhāpadaṃ.html
nisīdanasikkhāpadaṃ	https://devamitta.github.io/patimokkha_dict/Bhikkhu_Patimokkha/nisīdanasikkhāpadaṃ/nisīdanasikkhāpadaṃ.html
kaṇḍuppaṭicchādisikkhāpadaṃ	https://devamitta.github.io/patimokkha_dict/Bhikkhu_Patimokkha/kaṇḍuppaṭicchādisikkhāpadaṃ/kaṇḍuppaṭicchādisikkhāpadaṃ.html
vassikasāṭikāsikkhāpadaṃ	https://devamitta.github.io/patimokkha_dict/Bhikkhu_Patimokkha/vassikasāṭikāsikkhāpadaṃ/vassikasāṭikāsikkhāpadaṃ.html
nandasikkhāpadaṃ	https://devamitta.github.io/patimokkha_dict/Bhikkhu_Patimokkha/nandasikkhāpadaṃ/nandasikkhāpadaṃ.html
pācittiyā	https://devamitta.github.io/patimokkha_dict/Bhikkhu_Patimokkha/pācittiyā/pācittiyā.html
pāṭidesanīyā	https://devamitta.github.io/patimokkha_dict/Bhikkhu_Patimokkha/pāṭidesanīyā/pāṭidesanīyā.html
paṭhamapāṭidesanīyasikkhāpadaṃ	https://devamitta.github.io/patimokkha_dict/Bhikkhu_Patimokkha/paṭhamapāṭidesanīyasikkhāpadaṃ/paṭhamapāṭidesanīyasikkhāpadaṃ.html
dutiyapāṭidesanīyasikkhāpadaṃ	https://devamitta.github.io/patimokkha_dict/Bhikkhu_Patimokkha/dutiyapāṭidesanīyasikkhāpadaṃ/dutiyapāṭidesanīyasikkhāpadaṃ.html
tatiyapāṭidesanīyasikkhāpadaṃ	https://devamitta.github.io/patimokkha_dict/Bhikkhu_Patimokkha/tatiyapāṭidesanīyasikkhāpadaṃ/tatiyapāṭidesanīyasikkhāpadaṃ.html
catutthapāṭidesanīyasikkhāpadaṃ	https://devamitta.github.io/patimokkha_dict/Bhikkhu_Patimokkha/catutthapāṭidesanīyasikkhāpadaṃ/catutthapāṭidesanīyasikkhāpadaṃ.html
sekhiyā	https://devamitta.github.io/patimokkha_dict/Bhikkhu_Patimokkha/sekhiyā/sekhiyā.html
parimaṇḍalasikkhāpadaṃ	https://devamitta.github.io/patimokkha_dict/Bhikkhu_Patimokkha/parimaṇḍalasikkhāpadaṃ/parimaṇḍalasikkhāpadaṃ.html
parimaṇḍalasikkhāpadaṃ	https://devamitta.github.io/patimokkha_dict/Bhikkhu_Patimokkha/parimaṇḍalasikkhāpadaṃ/parimaṇḍalasikkhāpadaṃ.html
suppaṭicchannasikkhāpadaṃ	https://devamitta.github.io/patimokkha_dict/Bhikkhu_Patimokkha/suppaṭicchannasikkhāpadaṃ/suppaṭicchannasikkhāpadaṃ.html
suppaṭicchannasikkhāpadaṃ	https://devamitta.github.io/patimokkha_dict/Bhikkhu_Patimokkha/suppaṭicchannasikkhāpadaṃ/suppaṭicchannasikkhāpadaṃ.html
susaṃvutasikkhāpadaṃ	https://devamitta.github.io/patimokkha_dict/Bhikkhu_Patimokkha/susaṃvutasikkhāpadaṃ/susaṃvutasikkhāpadaṃ.html
susaṃvutasikkhāpadaṃ	https://devamitta.github.io/patimokkha_dict/Bhikkhu_Patimokkha/susaṃvutasikkhāpadaṃ/susaṃvutasikkhāpadaṃ.html
okkhittacakkhusikkhāpadaṃ	https://devamitta.github.io/patimokkha_dict/Bhikkhu_Patimokkha/okkhittacakkhusikkhāpadaṃ/okkhittacakkhusikkhāpadaṃ.html
okkhittacakkhusikkhāpadaṃ	https://devamitta.github.io/patimokkha_dict/Bhikkhu_Patimokkha/okkhittacakkhusikkhāpadaṃ/okkhittacakkhusikkhāpadaṃ.html
ukkhittakasikkhāpadaṃ	https://devamitta.github.io/patimokkha_dict/Bhikkhu_Patimokkha/ukkhittakasikkhāpadaṃ/ukkhittakasikkhāpadaṃ.html
ukkhittakasikkhāpadaṃ	https://devamitta.github.io/patimokkha_dict/Bhikkhu_Patimokkha/ukkhittakasikkhāpadaṃ/ukkhittakasikkhāpadaṃ.html
ujjagghikasikkhāpadaṃ	https://devamitta.github.io/patimokkha_dict/Bhikkhu_Patimokkha/ujjagghikasikkhāpadaṃ/ujjagghikasikkhāpadaṃ.html
ujjagghikasikkhāpadaṃ	https://devamitta.github.io/patimokkha_dict/Bhikkhu_Patimokkha/ujjagghikasikkhāpadaṃ/ujjagghikasikkhāpadaṃ.html
uccasaddasikkhāpadaṃ	https://devamitta.github.io/patimokkha_dict/Bhikkhu_Patimokkha/uccasaddasikkhāpadaṃ/uccasaddasikkhāpadaṃ.html
uccasaddasikkhāpadaṃ	https://devamitta.github.io/patimokkha_dict/Bhikkhu_Patimokkha/uccasaddasikkhāpadaṃ/uccasaddasikkhāpadaṃ.html
kāyappacālakasikkhāpadaṃ	https://devamitta.github.io/patimokkha_dict/Bhikkhu_Patimokkha/kāyappacālakasikkhāpadaṃ/kāyappacālakasikkhāpadaṃ.html
kāyappacālakasikkhāpadaṃ	https://devamitta.github.io/patimokkha_dict/Bhikkhu_Patimokkha/kāyappacālakasikkhāpadaṃ/kāyappacālakasikkhāpadaṃ.html
bāhuppacālakasikkhāpadaṃ	https://devamitta.github.io/patimokkha_dict/Bhikkhu_Patimokkha/bāhuppacālakasikkhāpadaṃ/bāhuppacālakasikkhāpadaṃ.html
bāhuppacālakasikkhāpadaṃ	https://devamitta.github.io/patimokkha_dict/Bhikkhu_Patimokkha/bāhuppacālakasikkhāpadaṃ/bāhuppacālakasikkhāpadaṃ.html
sīsappacālakasikkhāpadaṃ	https://devamitta.github.io/patimokkha_dict/Bhikkhu_Patimokkha/sīsappacālakasikkhāpadaṃ/sīsappacālakasikkhāpadaṃ.html
sīsappacālakasikkhāpadaṃ	https://devamitta.github.io/patimokkha_dict/Bhikkhu_Patimokkha/sīsappacālakasikkhāpadaṃ/sīsappacālakasikkhāpadaṃ.html
khambhakatasikkhāpadaṃ	https://devamitta.github.io/patimokkha_dict/Bhikkhu_Patimokkha/khambhakatasikkhāpadaṃ/khambhakatasikkhāpadaṃ.html
khambhakatasikkhāpadaṃ	https://devamitta.github.io/patimokkha_dict/Bhikkhu_Patimokkha/khambhakatasikkhāpadaṃ/khambhakatasikkhāpadaṃ.html
oguṇṭhitasikkhāpadaṃ	https://devamitta.github.io/patimokkha_dict/Bhikkhu_Patimokkha/oguṇṭhitasikkhāpadaṃ/oguṇṭhitasikkhāpadaṃ.html
oguṇṭhitasikkhāpadaṃ	https://devamitta.github.io/patimokkha_dict/Bhikkhu_Patimokkha/oguṇṭhitasikkhāpadaṃ/oguṇṭhitasikkhāpadaṃ.html
ukkuṭikasikkhāpadaṃ	https://devamitta.github.io/patimokkha_dict/Bhikkhu_Patimokkha/ukkuṭikasikkhāpadaṃ/ukkuṭikasikkhāpadaṃ.html
pallatthikasikkhāpadaṃ	https://devamitta.github.io/patimokkha_dict/Bhikkhu_Patimokkha/pallatthikasikkhāpadaṃ/pallatthikasikkhāpadaṃ.html
sakkaccapaṭiggahaṇasikkhāpadaṃ	https://devamitta.github.io/patimokkha_dict/Bhikkhu_Patimokkha/sakkaccapaṭiggahaṇasikkhāpadaṃ/sakkaccapaṭiggahaṇasikkhāpadaṃ.html
pattasaññīpaṭiggahaṇasikkhāpadaṃ	https://devamitta.github.io/patimokkha_dict/Bhikkhu_Patimokkha/pattasaññīpaṭiggahaṇasikkhāpadaṃ/pattasaññīpaṭiggahaṇasikkhāpadaṃ.html
samasūpakapaṭiggahaṇasikkhāpadaṃ	https://devamitta.github.io/patimokkha_dict/Bhikkhu_Patimokkha/samasūpakapaṭiggahaṇasikkhāpadaṃ/samasūpakapaṭiggahaṇasikkhāpadaṃ.html
samatittikasikkhāpadaṃ	https://devamitta.github.io/patimokkha_dict/Bhikkhu_Patimokkha/samatittikasikkhāpadaṃ/samatittikasikkhāpadaṃ.html
sakkaccabhuñjanasikkhāpadaṃ	https://devamitta.github.io/patimokkha_dict/Bhikkhu_Patimokkha/sakkaccabhuñjanasikkhāpadaṃ/sakkaccabhuñjanasikkhāpadaṃ.html
pattasaññībhuñjanasikkhāpadaṃ	https://devamitta.github.io/patimokkha_dict/Bhikkhu_Patimokkha/pattasaññībhuñjanasikkhāpadaṃ/pattasaññībhuñjanasikkhāpadaṃ.html
sapadānasikkhāpadaṃ	https://devamitta.github.io/patimokkha_dict/Bhikkhu_Patimokkha/sapadānasikkhāpadaṃ/sapadānasikkhāpadaṃ.html
samasūpakasikkhāpadaṃ	https://devamitta.github.io/patimokkha_dict/Bhikkhu_Patimokkha/samasūpakasikkhāpadaṃ/samasūpakasikkhāpadaṃ.html
nathūpakatasikkhāpadaṃ	https://devamitta.github.io/patimokkha_dict/Bhikkhu_Patimokkha/nathūpakatasikkhāpadaṃ/nathūpakatasikkhāpadaṃ.html
odanappaṭicchādanasikkhāpadaṃ	https://devamitta.github.io/patimokkha_dict/Bhikkhu_Patimokkha/odanappaṭicchādanasikkhāpadaṃ/odanappaṭicchādanasikkhāpadaṃ.html
sūpodanaviññattisikkhāpadaṃ	https://devamitta.github.io/patimokkha_dict/Bhikkhu_Patimokkha/sūpodanaviññattisikkhāpadaṃ/sūpodanaviññattisikkhāpadaṃ.html
ujjhānasaññīsikkhāpadaṃ	https://devamitta.github.io/patimokkha_dict/Bhikkhu_Patimokkha/ujjhānasaññīsikkhāpadaṃ/ujjhānasaññīsikkhāpadaṃ.html
kabaḷasikkhāpadaṃ	https://devamitta.github.io/patimokkha_dict/Bhikkhu_Patimokkha/kabaḷasikkhāpadaṃ/kabaḷasikkhāpadaṃ.html
ālopasikkhāpadaṃ	https://devamitta.github.io/patimokkha_dict/Bhikkhu_Patimokkha/ālopasikkhāpadaṃ/ālopasikkhāpadaṃ.html
anāhaṭasikkhāpadaṃ	https://devamitta.github.io/patimokkha_dict/Bhikkhu_Patimokkha/anāhaṭasikkhāpadaṃ/anāhaṭasikkhāpadaṃ.html
bhuñjamānasikkhāpadaṃ	https://devamitta.github.io/patimokkha_dict/Bhikkhu_Patimokkha/bhuñjamānasikkhāpadaṃ/bhuñjamānasikkhāpadaṃ.html
sakabaḷasikkhāpadaṃ	https://devamitta.github.io/patimokkha_dict/Bhikkhu_Patimokkha/sakabaḷasikkhāpadaṃ/sakabaḷasikkhāpadaṃ.html
piṇḍukkhepakasikkhāpadaṃ	https://devamitta.github.io/patimokkha_dict/Bhikkhu_Patimokkha/piṇḍukkhepakasikkhāpadaṃ/piṇḍukkhepakasikkhāpadaṃ.html
kabaḷāvacchedakasikkhāpadaṃ	https://devamitta.github.io/patimokkha_dict/Bhikkhu_Patimokkha/kabaḷāvacchedakasikkhāpadaṃ/kabaḷāvacchedakasikkhāpadaṃ.html
avagaṇḍakārakasikkhāpadaṃ	https://devamitta.github.io/patimokkha_dict/Bhikkhu_Patimokkha/avagaṇḍakārakasikkhāpadaṃ/avagaṇḍakārakasikkhāpadaṃ.html
hatthaniddhunakasikkhāpadaṃ	https://devamitta.github.io/patimokkha_dict/Bhikkhu_Patimokkha/hatthaniddhunakasikkhāpadaṃ/hatthaniddhunakasikkhāpadaṃ.html
sitthāvakārakasikkhāpadaṃ	https://devamitta.github.io/patimokkha_dict/Bhikkhu_Patimokkha/sitthāvakārakasikkhāpadaṃ/sitthāvakārakasikkhāpadaṃ.html
jivhānicchārakasikkhāpadaṃ	https://devamitta.github.io/patimokkha_dict/Bhikkhu_Patimokkha/jivhānicchārakasikkhāpadaṃ/jivhānicchārakasikkhāpadaṃ.html
capucapukārakasikkhāpadaṃ	https://devamitta.github.io/patimokkha_dict/Bhikkhu_Patimokkha/capucapukārakasikkhāpadaṃ/capucapukārakasikkhāpadaṃ.html
surusurukārakasikkhāpadaṃ	https://devamitta.github.io/patimokkha_dict/Bhikkhu_Patimokkha/surusurukārakasikkhāpadaṃ/surusurukārakasikkhāpadaṃ.html
hatthanillehakasikkhāpadaṃ	https://devamitta.github.io/patimokkha_dict/Bhikkhu_Patimokkha/hatthanillehakasikkhāpadaṃ/hatthanillehakasikkhāpadaṃ.html
pattanillehakasikkhāpadaṃ	https://devamitta.github.io/patimokkha_dict/Bhikkhu_Patimokkha/pattanillehakasikkhāpadaṃ/pattanillehakasikkhāpadaṃ.html
oṭṭhanillehakasikkhāpadaṃ	https://devamitta.github.io/patimokkha_dict/Bhikkhu_Patimokkha/oṭṭhanillehakasikkhāpadaṃ/oṭṭhanillehakasikkhāpadaṃ.html
sāmisasikkhāpadaṃ	https://devamitta.github.io/patimokkha_dict/Bhikkhu_Patimokkha/sāmisasikkhāpadaṃ/sāmisasikkhāpadaṃ.html
sasitthakasikkhāpadaṃ	https://devamitta.github.io/patimokkha_dict/Bhikkhu_Patimokkha/sasitthakasikkhāpadaṃ/sasitthakasikkhāpadaṃ.html
chattapāṇisikkhāpadaṃ	https://devamitta.github.io/patimokkha_dict/Bhikkhu_Patimokkha/chattapāṇisikkhāpadaṃ/chattapāṇisikkhāpadaṃ.html
daṇḍapāṇisikkhāpadaṃ	https://devamitta.github.io/patimokkha_dict/Bhikkhu_Patimokkha/daṇḍapāṇisikkhāpadaṃ/daṇḍapāṇisikkhāpadaṃ.html
satthapāṇisikkhāpadaṃ	https://devamitta.github.io/patimokkha_dict/Bhikkhu_Patimokkha/satthapāṇisikkhāpadaṃ/satthapāṇisikkhāpadaṃ.html
āvudhapāṇisikkhāpadaṃ	https://devamitta.github.io/patimokkha_dict/Bhikkhu_Patimokkha/āvudhapāṇisikkhāpadaṃ/āvudhapāṇisikkhāpadaṃ.html
pādukasikkhāpadaṃ	https://devamitta.github.io/patimokkha_dict/Bhikkhu_Patimokkha/pādukasikkhāpadaṃ/pādukasikkhāpadaṃ.html
upāhanasikkhāpadaṃ	https://devamitta.github.io/patimokkha_dict/Bhikkhu_Patimokkha/upāhanasikkhāpadaṃ/upāhanasikkhāpadaṃ.html
yānasikkhāpadaṃ	https://devamitta.github.io/patimokkha_dict/Bhikkhu_Patimokkha/yānasikkhāpadaṃ/yānasikkhāpadaṃ.html
sayanasikkhāpadaṃ	https://devamitta.github.io/patimokkha_dict/Bhikkhu_Patimokkha/sayanasikkhāpadaṃ/sayanasikkhāpadaṃ.html
pallatthikasikkhāpadaṃ 2	https://devamitta.github.io/patimokkha_dict/Bhikkhu_Patimokkha/pallatthikasikkhāpadaṃ 2/pallatthikasikkhāpadaṃ 2.html
veṭhitasikkhāpadaṃ	https://devamitta.github.io/patimokkha_dict/Bhikkhu_Patimokkha/veṭhitasikkhāpadaṃ/veṭhitasikkhāpadaṃ.html
oguṇṭhitasikkhāpadaṃ 2	https://devamitta.github.io/patimokkha_dict/Bhikkhu_Patimokkha/oguṇṭhitasikkhāpadaṃ 2/oguṇṭhitasikkhāpadaṃ 2.html
chamāsikkhāpadaṃ	https://devamitta.github.io/patimokkha_dict/Bhikkhu_Patimokkha/chamāsikkhāpadaṃ/chamāsikkhāpadaṃ.html
nīcāsanasikkhāpadaṃ	https://devamitta.github.io/patimokkha_dict/Bhikkhu_Patimokkha/nīcāsanasikkhāpadaṃ/nīcāsanasikkhāpadaṃ.html
ṭhitasikkhāpadaṃ	https://devamitta.github.io/patimokkha_dict/Bhikkhu_Patimokkha/ṭhitasikkhāpadaṃ/ṭhitasikkhāpadaṃ.html
pacchatogamanasikkhāpadaṃ	https://devamitta.github.io/patimokkha_dict/Bhikkhu_Patimokkha/pacchatogamanasikkhāpadaṃ/pacchatogamanasikkhāpadaṃ.html
uppathenagamanasikkhāpadaṃ	https://devamitta.github.io/patimokkha_dict/Bhikkhu_Patimokkha/uppathenagamanasikkhāpadaṃ/uppathenagamanasikkhāpadaṃ.html
ṭhitouccārasikkhāpadaṃ	https://devamitta.github.io/patimokkha_dict/Bhikkhu_Patimokkha/ṭhitouccārasikkhāpadaṃ/ṭhitouccārasikkhāpadaṃ.html
hariteuccārasikkhāpadaṃ	https://devamitta.github.io/patimokkha_dict/Bhikkhu_Patimokkha/hariteuccārasikkhāpadaṃ/hariteuccārasikkhāpadaṃ.html
udakeuccārasikkhāpadaṃ	https://devamitta.github.io/patimokkha_dict/Bhikkhu_Patimokkha/udakeuccārasikkhāpadaṃ/udakeuccārasikkhāpadaṃ.html
adhikaraṇasamathā	https://devamitta.github.io/patimokkha_dict/Bhikkhu_Patimokkha/adhikaraṇasamathā/adhikaraṇasamathā.html
